Name;label;description;end;val;fy;fp;form;filed;frame;start
AccountsPayableCurrent;Accounts Payable, Current;Carrying value as of the balance sheet date of liabilities incurred (and for which invoices have typically been received) and payable to vendors for goods and services received that are used in an entity's business. Used to reflect the current portion of the liabilities (due within one year or within the normal operating cycle if longer).;31/12/2021;74907000;2022;FY;10-K;21/2/2023;CY2021Q4I;
AccountsPayableCurrent;Accounts Payable, Current;Carrying value as of the balance sheet date of liabilities incurred (and for which invoices have typically been received) and payable to vendors for goods and services received that are used in an entity's business. Used to reflect the current portion of the liabilities (due within one year or within the normal operating cycle if longer).;31/12/2022;44788000;2023;FY;10-K;20/2/2024;CY2022Q4I;
AccountsPayableCurrent;Accounts Payable, Current;Carrying value as of the balance sheet date of liabilities incurred (and for which invoices have typically been received) and payable to vendors for goods and services received that are used in an entity's business. Used to reflect the current portion of the liabilities (due within one year or within the normal operating cycle if longer).;31/12/2023;12122000;2024;FY;10-K;18/2/2025;CY2023Q4I;
AccountsPayableCurrent;Accounts Payable, Current;Carrying value as of the balance sheet date of liabilities incurred (and for which invoices have typically been received) and payable to vendors for goods and services received that are used in an entity's business. Used to reflect the current portion of the liabilities (due within one year or within the normal operating cycle if longer).;31/12/2024;103000;2025;FY;10-K;17/2/2026;CY2024Q4I;
AccountsReceivableNetCurrent;Accounts Receivable, after Allowance for Credit Loss, Current;Amount, after allowance for credit loss, of right to consideration from customer for product sold and service rendered in normal course of business, classified as current.;31/12/2021;190923000;2022;FY;10-K;21/2/2023;CY2021Q4I;
AccountsReceivableNetCurrent;Accounts Receivable, after Allowance for Credit Loss, Current;Amount, after allowance for credit loss, of right to consideration from customer for product sold and service rendered in normal course of business, classified as current.;31/12/2022;258346000;2023;FY;10-K;20/2/2024;CY2022Q4I;
AccountsReceivableNetCurrent;Accounts Receivable, after Allowance for Credit Loss, Current;Amount, after allowance for credit loss, of right to consideration from customer for product sold and service rendered in normal course of business, classified as current.;31/12/2023;364784000;2024;FY;10-K;18/2/2025;CY2023Q4I;
AccountsReceivableNetCurrent;Accounts Receivable, after Allowance for Credit Loss, Current;Amount, after allowance for credit loss, of right to consideration from customer for product sold and service rendered in normal course of business, classified as current.;31/12/2024;575048000;2025;FY;10-K;17/2/2026;CY2024Q4I;
Assets;Assets;Sum of the carrying amounts as of the balance sheet date of all assets that are recognized. Assets are probable future economic benefits obtained or controlled by an entity as a result of past transactions or events.;31/12/2021;3247450000;2022;FY;10-K;21/2/2023;CY2021Q4I;
Assets;Assets;Sum of the carrying amounts as of the balance sheet date of all assets that are recognized. Assets are probable future economic benefits obtained or controlled by an entity as a result of past transactions or events.;31/12/2022;3461239000;2023;FY;10-K;20/2/2024;CY2022Q4I;
Assets;Assets;Sum of the carrying amounts as of the balance sheet date of all assets that are recognized. Assets are probable future economic benefits obtained or controlled by an entity as a result of past transactions or events.;31/12/2023;4522425000;2024;FY;10-K;18/2/2025;CY2023Q4I;
Assets;Assets;Sum of the carrying amounts as of the balance sheet date of all assets that are recognized. Assets are probable future economic benefits obtained or controlled by an entity as a result of past transactions or events.;31/12/2024;6340884000;2025;FY;10-K;17/2/2026;CY2024Q4I;
AssetsCurrent;Assets, Current;Sum of the carrying amounts as of the balance sheet date of all assets that are expected to be realized in cash, sold, or consumed within one year (or the normal operating cycle, if longer). Assets are probable future economic benefits obtained or controlled by an entity as a result of past transactions or events.;31/12/2021;2863250000;2022;FY;10-K;21/2/2023;CY2021Q4I;
AssetsCurrent;Assets, Current;Sum of the carrying amounts as of the balance sheet date of all assets that are expected to be realized in cash, sold, or consumed within one year (or the normal operating cycle, if longer). Assets are probable future economic benefits obtained or controlled by an entity as a result of past transactions or events.;31/12/2022;3041577000;2023;FY;10-K;20/2/2024;CY2022Q4I;
AssetsCurrent;Assets, Current;Sum of the carrying amounts as of the balance sheet date of all assets that are expected to be realized in cash, sold, or consumed within one year (or the normal operating cycle, if longer). Assets are probable future economic benefits obtained or controlled by an entity as a result of past transactions or events.;31/12/2023;4138618000;2024;FY;10-K;18/2/2025;CY2023Q4I;
AssetsCurrent;Assets, Current;Sum of the carrying amounts as of the balance sheet date of all assets that are expected to be realized in cash, sold, or consumed within one year (or the normal operating cycle, if longer). Assets are probable future economic benefits obtained or controlled by an entity as a result of past transactions or events.;31/12/2024;5934289000;2025;FY;10-K;17/2/2026;CY2024Q4I;
CashAndCashEquivalentsAtCarryingValue;Cash and Cash Equivalents, at Carrying Value;Amount of currency on hand as well as demand deposits with banks or financial institutions. Includes other kinds of accounts that have the general characteristics of demand deposits. Also includes short-term, highly liquid investments that are both readily convertible to known amounts of cash and so near their maturity that they present insignificant risk of changes in value because of changes in interest rates. Excludes cash and cash equivalents within disposal group and discontinued operation.;31/12/2021;2290674000;2023;FY;10-K;20/2/2024;CY2021Q4I;
CashAndCashEquivalentsAtCarryingValue;Cash and Cash Equivalents, at Carrying Value;Amount of currency on hand as well as demand deposits with banks or financial institutions. Includes other kinds of accounts that have the general characteristics of demand deposits. Also includes short-term, highly liquid investments that are both readily convertible to known amounts of cash and so near their maturity that they present insignificant risk of changes in value because of changes in interest rates. Excludes cash and cash equivalents within disposal group and discontinued operation.;31/12/2022;2598540000;2024;FY;10-K;18/2/2025;CY2022Q4I;
CashAndCashEquivalentsAtCarryingValue;Cash and Cash Equivalents, at Carrying Value;Amount of currency on hand as well as demand deposits with banks or financial institutions. Includes other kinds of accounts that have the general characteristics of demand deposits. Also includes short-term, highly liquid investments that are both readily convertible to known amounts of cash and so near their maturity that they present insignificant risk of changes in value because of changes in interest rates. Excludes cash and cash equivalents within disposal group and discontinued operation.;31/12/2023;831047000;2025;FY;10-K;17/2/2026;CY2023Q4I;
CashAndCashEquivalentsAtCarryingValue;Cash and Cash Equivalents, at Carrying Value;Amount of currency on hand as well as demand deposits with banks or financial institutions. Includes other kinds of accounts that have the general characteristics of demand deposits. Also includes short-term, highly liquid investments that are both readily convertible to known amounts of cash and so near their maturity that they present insignificant risk of changes in value because of changes in interest rates. Excludes cash and cash equivalents within disposal group and discontinued operation.;31/12/2024;2098524000;2025;FY;10-K;17/2/2026;CY2024Q4I;
Liabilities;Liabilities;Sum of the carrying amounts as of the balance sheet date of all liabilities that are recognized. Liabilities are probable future sacrifices of economic benefits arising from present obligations of an entity to transfer assets or provide services to other entities in the future.;31/12/2021;956420000;2022;FY;10-K;21/2/2023;CY2021Q4I;
Liabilities;Liabilities;Sum of the carrying amounts as of the balance sheet date of all liabilities that are recognized. Liabilities are probable future sacrifices of economic benefits arising from present obligations of an entity to transfer assets or provide services to other entities in the future.;31/12/2022;818802000;2023;FY;10-K;20/2/2024;CY2022Q4I;
Liabilities;Liabilities;Sum of the carrying amounts as of the balance sheet date of all liabilities that are recognized. Liabilities are probable future sacrifices of economic benefits arising from present obligations of an entity to transfer assets or provide services to other entities in the future.;31/12/2023;961460000;2024;FY;10-K;18/2/2025;CY2023Q4I;
Liabilities;Liabilities;Sum of the carrying amounts as of the balance sheet date of all liabilities that are recognized. Liabilities are probable future sacrifices of economic benefits arising from present obligations of an entity to transfer assets or provide services to other entities in the future.;31/12/2024;1246477000;2025;FY;10-K;17/2/2026;CY2024Q4I;
LiabilitiesCurrent;Liabilities, Current;Total obligations incurred as part of normal operations that are expected to be paid during the following twelve months or within one business cycle, if longer.;31/12/2021;660061000;2022;FY;10-K;21/2/2023;CY2021Q4I;
LiabilitiesCurrent;Liabilities, Current;Total obligations incurred as part of normal operations that are expected to be paid during the following twelve months or within one business cycle, if longer.;31/12/2022;587941000;2023;FY;10-K;20/2/2024;CY2022Q4I;
LiabilitiesCurrent;Liabilities, Current;Total obligations incurred as part of normal operations that are expected to be paid during the following twelve months or within one business cycle, if longer.;31/12/2023;746018000;2024;FY;10-K;18/2/2025;CY2023Q4I;
LiabilitiesCurrent;Liabilities, Current;Total obligations incurred as part of normal operations that are expected to be paid during the following twelve months or within one business cycle, if longer.;31/12/2024;996018000;2025;FY;10-K;17/2/2026;CY2024Q4I;
MarketableSecuritiesCurrent;Marketable Securities, Current;Amount of investment in marketable security, classified as current.;31/12/2021;234153000;2022;FY;10-K;21/2/2023;CY2021Q4I;
MarketableSecuritiesCurrent;Marketable Securities, Current;Amount of investment in marketable security, classified as current.;31/12/2022;35135000;2023;FY;10-K;20/2/2024;CY2022Q4I;
MarketableSecuritiesCurrent;Marketable Securities, Current;Amount of investment in marketable security, classified as current.;31/12/2023;2843132000;2024;FY;10-K;18/2/2025;CY2023Q4I;
MarketableSecuritiesCurrent;Marketable Securities, Current;Amount of investment in marketable security, classified as current.;31/12/2024;3131463000;2025;FY;10-K;17/2/2026;CY2024Q4I;
PropertyPlantAndEquipmentNet;Property, Plant and Equipment, Net;Amount after accumulated depreciation, depletion and amortization of physical assets used in the normal conduct of business to produce goods and services and not intended for resale. Examples include, but are not limited to, land, buildings, machinery and equipment, office equipment, and furniture and fixtures.;31/12/2021;31304000;2022;FY;10-K;21/2/2023;CY2021Q4I;
PropertyPlantAndEquipmentNet;Property, Plant and Equipment, Net;Amount after accumulated depreciation, depletion and amortization of physical assets used in the normal conduct of business to produce goods and services and not intended for resale. Examples include, but are not limited to, land, buildings, machinery and equipment, office equipment, and furniture and fixtures.;31/12/2022;69170000;2023;FY;10-K;20/2/2024;CY2022Q4I;
PropertyPlantAndEquipmentNet;Property, Plant and Equipment, Net;Amount after accumulated depreciation, depletion and amortization of physical assets used in the normal conduct of business to produce goods and services and not intended for resale. Examples include, but are not limited to, land, buildings, machinery and equipment, office equipment, and furniture and fixtures.;31/12/2023;47758000;2024;FY;10-K;18/2/2025;CY2023Q4I;
PropertyPlantAndEquipmentNet;Property, Plant and Equipment, Net;Amount after accumulated depreciation, depletion and amortization of physical assets used in the normal conduct of business to produce goods and services and not intended for resale. Examples include, but are not limited to, land, buildings, machinery and equipment, office equipment, and furniture and fixtures.;31/12/2024;39638000;2025;FY;10-K;17/2/2026;CY2024Q4I;
StockholdersEquity;Stockholders' Equity Attributable to Parent;Total of all stockholders' equity (deficit) items, net of receivables from officers, directors, owners, and affiliates of the entity which are attributable to the parent. The amount of the economic entity's stockholders' equity attributable to the parent excludes the amount of stockholders' equity which is allocable to that ownership interest in subsidiary equity which is not attributable to the parent (noncontrolling interest, minority interest). This excludes temporary equity and is sometimes called permanent equity.;31/12/2021;2291030000;2021;FY;10-K;17/2/2022;CY2021Q4I;
StockholdersEquity;Stockholders' Equity Attributable to Parent;Total of all stockholders' equity (deficit) items, net of receivables from officers, directors, owners, and affiliates of the entity which are attributable to the parent. The amount of the economic entity's stockholders' equity attributable to the parent excludes the amount of stockholders' equity which is allocable to that ownership interest in subsidiary equity which is not attributable to the parent (noncontrolling interest, minority interest). This excludes temporary equity and is sometimes called permanent equity.;31/12/2022;2565326000;2023;FY;10-K;20/2/2024;CY2022Q4I;
StockholdersEquity;Stockholders' Equity Attributable to Parent;Total of all stockholders' equity (deficit) items, net of receivables from officers, directors, owners, and affiliates of the entity which are attributable to the parent. The amount of the economic entity's stockholders' equity attributable to the parent excludes the amount of stockholders' equity which is allocable to that ownership interest in subsidiary equity which is not attributable to the parent (noncontrolling interest, minority interest). This excludes temporary equity and is sometimes called permanent equity.;31/12/2023;3475561000;2024;FY;10-K;18/2/2025;CY2023Q4I;
StockholdersEquity;Stockholders' Equity Attributable to Parent;Total of all stockholders' equity (deficit) items, net of receivables from officers, directors, owners, and affiliates of the entity which are attributable to the parent. The amount of the economic entity's stockholders' equity attributable to the parent excludes the amount of stockholders' equity which is allocable to that ownership interest in subsidiary equity which is not attributable to the parent (noncontrolling interest, minority interest). This excludes temporary equity and is sometimes called permanent equity.;31/12/2024;5003275000;2025;FY;10-K;17/2/2026;CY2024Q4I;
